{
  "Qwen3-8B_dishes_2026": 0.8580676317214966,
  "Qwen3-8B_dishes_2027": 0.8407560586929321,
  "Qwen3-8B_dishes_2027_random_baseline": 0.7776042222976685,
  "Qwen3-32B_dishes_2026": 0.8374292254447937,
  "Qwen3-32B_dishes_2027": 0.8297740817070007,
  "Qwen3-32B_dishes_2027_random_baseline": 0.7553437352180481
}