{
  "Qwen3-8B_old_audubon_birds": 1.6863244771957397,
  "Qwen3-8B_modern_audubon_birds": 0.9792264103889465,
  "Qwen3-8B_modern_american_birds": 0.802258312702179,
  "Qwen3-32B_old_audubon_birds": 1.6728794574737549,
  "Qwen3-32B_modern_audubon_birds": 1.0319138765335083,
  "Qwen3-32B_modern_american_birds": 0.7538682222366333
}