{
  "Qwen3-8B_former_german_cities": 1.2217592000961304,
  "Qwen3-8B_modern_german_cities": 0.6694101095199585,
  "Qwen3-32B_former_german_cities": 1.1166428327560425,
  "Qwen3-32B_modern_german_cities": 0.6591626405715942
}